{
  "8/134/89": {
    "min": 19.520389100519814,
    "max": 38.26682866749587,
    "min_color": [
      252,
      196,
      173,
      255
    ],
    "max_color": [
      162,
      14,
      20,
      255
    ]
  },
  "8/134/90": {
    "min": 19.1763659452661,
    "max": 27.532224304887883,
    "min_color": [
      253,
      200,
      178,
      255
    ],
    "max_color": [
      250,
      107,
      75,
      255
    ]
  },
  "8/135/89": {
    "min": 15.853216581505968,
    "max": 38.716205480715196,
    "min_color": [
      254,
      229,
      218,
      255
    ],
    "max_color": [
      152,
      12,
      19,
      255
    ]
  },
  "8/135/90": {
    "min": 14.021954522497124,
    "max": 34.84073250761391,
    "min_color": [
      255,
      240,
      233,
      255
    ],
    "max_color": [
      203,
      24,
      29,
      255
    ]
  },
  "8/136/89": {
    "min": 14.289802789654956,
    "max": 40.92459756737955,
    "min_color": [
      255,
      239,
      231,
      255
    ],
    "max_color": [
      103,
      0,
      13,
      255
    ]
  },
  "8/136/90": {
    "min": 16.019191181767784,
    "max": 35.90830971874777,
    "min_color": [
      254,
      228,
      216,
      255
    ],
    "max_color": [
      190,
      21,
      26,
      255
    ]
  },
  "8/137/88": {
    "min": 28.05934403970699,
    "max": 37.30038816673505,
    "min_color": [
      249,
      101,
      70,
      255
    ],
    "max_color": [
      175,
      17,
      22,
      255
    ]
  },
  "8/137/89": {
    "min": 13.267812125537162,
    "max": 37.310602676706246,
    "min_color": [
      255,
      244,
      239,
      255
    ],
    "max_color": [
      174,
      17,
      22,
      255
    ]
  },
  "8/137/90": {
    "min": 13.630785698079139,
    "max": 40.221176413025944,
    "min_color": [
      255,
      242,
      236,
      255
    ],
    "max_color": [
      118,
      3,
      15,
      255
    ]
  },
  "8/138/87": {
    "min": 33.33330186776273,
    "max": 35.968526334904446,
    "min_color": [
      217,
      38,
      34,
      255
    ],
    "max_color": [
      189,
      21,
      26,
      255
    ]
  },
  "8/138/88": {
    "min": 30.727955805395773,
    "max": 39.145330848593105,
    "min_color": [
      240,
      65,
      48,
      255
    ],
    "max_color": [
      142,
      9,
      18,
      255
    ]
  },
  "8/138/89": {
    "min": 20.104884559589667,
    "max": 37.27789421651952,
    "min_color": [
      252,
      190,
      165,
      255
    ],
    "max_color": [
      175,
      17,
      22,
      255
    ]
  },
  "8/138/90": {
    "min": 21.709674700478665,
    "max": 37.879684318270385,
    "min_color": [
      252,
      172,
      145,
      255
    ],
    "max_color": [
      168,
      15,
      21,
      255
    ]
  },
  "8/139/87": {
    "min": 35.090362208758464,
    "max": 35.909160833892486,
    "min_color": [
      200,
      23,
      28,
      255
    ],
    "max_color": [
      190,
      21,
      26,
      255
    ]
  },
  "8/139/88": {
    "min": 29.191906330492717,
    "max": 39.390286434520135,
    "min_color": [
      246,
      85,
      61,
      255
    ],
    "max_color": [
      136,
      8,
      17,
      255
    ]
  },
  "8/139/89": {
    "min": 23.431193393562587,
    "max": 38.91659931033124,
    "min_color": [
      252,
      153,
      121,
      255
    ],
    "max_color": [
      148,
      11,
      18,
      255
    ]
  },
  "8/139/90": {
    "min": 31.4279373454676,
    "max": 37.59070519707789,
    "min_color": [
      236,
      57,
      43,
      255
    ],
    "max_color": [
      171,
      16,
      22,
      255
    ]
  },
  "8/140/88": {
    "min": 35.63373190782552,
    "max": 38.58800825175501,
    "min_color": [
      193,
      21,
      26,
      255
    ],
    "max_color": [
      155,
      12,
      19,
      255
    ]
  },
  "8/140/89": {
    "min": 36.015261662056716,
    "max": 37.89519720765828,
    "min_color": [
      189,
      21,
      26,
      255
    ],
    "max_color": [
      168,
      15,
      21,
      255
    ]
  }
}