{
  "7/67/44": {
    "min": -30.4803955241868,
    "max": -12.096371724463916,
    "min_color": [
      11,
      69,
      135,
      255
    ],
    "max_color": [
      237,
      245,
      252,
      255
    ]
  },
  "7/67/45": {
    "min": -31.869584992400544,
    "max": -17.283749855333852,
    "min_color": [
      8,
      48,
      107,
      255
    ],
    "max_color": [
      183,
      213,
      233,
      255
    ]
  },
  "7/68/44": {
    "min": -31.53851430753486,
    "max": -13.177353054149327,
    "min_color": [
      8,
      53,
      113,
      255
    ],
    "max_color": [
      227,
      238,
      248,
      255
    ]
  },
  "7/68/45": {
    "min": -30.959387312762356,
    "max": -14.073186984633866,
    "min_color": [
      10,
      61,
      125,
      255
    ],
    "max_color": [
      219,
      233,
      246,
      255
    ]
  },
  "7/69/43": {
    "min": -23.59340057982497,
    "max": -19.17473606871668,
    "min_color": [
      81,
      156,
      203,
      255
    ],
    "max_color": [
      155,
      199,
      225,
      255
    ]
  },
  "7/69/44": {
    "min": -25.570876230261934,
    "max": -11.090119559868247,
    "min_color": [
      54,
      133,
      191,
      255
    ],
    "max_color": [
      246,
      250,
      254,
      255
    ]
  },
  "7/69/45": {
    "min": -24.393230037315345,
    "max": -15.00960374497057,
    "min_color": [
      70,
      147,
      199,
      255
    ],
    "max_color": [
      211,
      227,
      243,
      255
    ]
  },
  "7/70/44": {
    "min": -17.379488420551937,
    "max": -13.414703912764049,
    "min_color": [
      182,
      213,
      233,
      255
    ],
    "max_color": [
      225,
      237,
      248,
      255
    ]
  }
}