{
  "9/269/178": {
    "min": 30.97591821244995,
    "max": 36.4756906927617,
    "min_color": [
      239,
      62,
      46,
      255
    ],
    "max_color": [
      184,
      19,
      25,
      255
    ]
  },
  "9/269/179": {
    "min": 19.520389100519814,
    "max": 38.26682866749587,
    "min_color": [
      252,
      196,
      173,
      255
    ],
    "max_color": [
      162,
      14,
      20,
      255
    ]
  },
  "9/269/180": {
    "min": 19.1763659452661,
    "max": 27.532224304887883,
    "min_color": [
      253,
      200,
      178,
      255
    ],
    "max_color": [
      250,
      107,
      75,
      255
    ]
  },
  "9/270/178": {
    "min": 25.76434622223114,
    "max": 34.94917721496393,
    "min_color": [
      251,
      126,
      94,
      255
    ],
    "max_color": [
      202,
      24,
      29,
      255
    ]
  },
  "9/270/179": {
    "min": 18.568986382400073,
    "max": 38.54660960935493,
    "min_color": [
      253,
      206,
      186,
      255
    ],
    "max_color": [
      156,
      13,
      19,
      255
    ]
  },
  "9/270/180": {
    "min": 17.317107248685296,
    "max": 34.84073250761391,
    "min_color": [
      254,
      219,
      203,
      255
    ],
    "max_color": [
      203,
      24,
      29,
      255
    ]
  },
  "9/271/178": {
    "min": 24.191166711074764,
    "max": 33.50836204978304,
    "min_color": [
      252,
      144,
      112,
      255
    ],
    "max_color": [
      216,
      37,
      34,
      255
    ]
  },
  "9/271/179": {
    "min": 15.853216581505968,
    "max": 38.716205480715196,
    "min_color": [
      254,
      229,
      218,
      255
    ],
    "max_color": [
      152,
      12,
      19,
      255
    ]
  },
  "9/271/180": {
    "min": 14.021954522497124,
    "max": 33.847272867452226,
    "min_color": [
      255,
      240,
      233,
      255
    ],
    "max_color": [
      213,
      33,
      33,
      255
    ]
  },
  "9/272/178": {
    "min": 26.68552207170069,
    "max": 36.39198106216209,
    "min_color": [
      251,
      116,
      84,
      255
    ],
    "max_color": [
      185,
      19,
      25,
      255
    ]
  },
  "9/272/179": {
    "min": 18.94020997695863,
    "max": 40.92459756737955,
    "min_color": [
      253,
      202,
      181,
      255
    ],
    "max_color": [
      103,
      0,
      13,
      255
    ]
  },
  "9/272/180": {
    "min": 16.762456955061005,
    "max": 31.888916708849006,
    "min_color": [
      254,
      224,
      210,
      255
    ],
    "max_color": [
      232,
      52,
      41,
      255
    ]
  },
  "9/273/178": {
    "min": 21.39965290970323,
    "max": 37.6911077247433,
    "min_color": [
      252,
      176,
      149,
      255
    ],
    "max_color": [
      170,
      15,
      21,
      255
    ]
  },
  "9/273/179": {
    "min": 14.289802789654956,
    "max": 38.16386079405732,
    "min_color": [
      255,
      239,
      231,
      255
    ],
    "max_color": [
      164,
      15,
      21,
      255
    ]
  },
  "9/273/180": {
    "min": 16.019191181767784,
    "max": 35.90830971874777,
    "min_color": [
      254,
      228,
      216,
      255
    ],
    "max_color": [
      190,
      21,
      26,
      255
    ]
  },
  "9/274/177": {
    "min": 32.269560435123516,
    "max": 36.621727112732124,
    "min_color": [
      228,
      48,
      39,
      255
    ],
    "max_color": [
      182,
      18,
      24,
      255
    ]
  },
  "9/274/178": {
    "min": 21.09181022880571,
    "max": 37.24594054427212,
    "min_color": [
      252,
      179,
      153,
      255
    ],
    "max_color": [
      175,
      17,
      22,
      255
    ]
  },
  "9/274/179": {
    "min": 13.267812125537162,
    "max": 37.310602676706246,
    "min_color": [
      255,
      244,
      239,
      255
    ],
    "max_color": [
      174,
      17,
      22,
      255
    ]
  },
  "9/274/180": {
    "min": 13.630785698079139,
    "max": 40.221176413025944,
    "min_color": [
      255,
      242,
      236,
      255
    ],
    "max_color": [
      118,
      3,
      15,
      255
    ]
  },
  "9/274/181": {
    "min": 24.516036724386133,
    "max": 30.804849225001846,
    "min_color": [
      252,
      140,
      108,
      255
    ],
    "max_color": [
      240,
      64,
      47,
      255
    ]
  },
  "9/275/176": {
    "min": 28.05934403970699,
    "max": 37.30038816673505,
    "min_color": [
      249,
      101,
      70,
      255
    ],
    "max_color": [
      175,
      17,
      22,
      255
    ]
  },
  "9/275/177": {
    "min": 32.20596665088215,
    "max": 37.15757490734053,
    "min_color": [
      229,
      49,
      40,
      255
    ],
    "max_color": [
      176,
      17,
      22,
      255
    ]
  },
  "9/275/178": {
    "min": 20.62674336556376,
    "max": 37.14426620099886,
    "min_color": [
      252,
      184,
      159,
      255
    ],
    "max_color": [
      176,
      17,
      22,
      255
    ]
  },
  "9/275/179": {
    "min": 15.569385224258713,
    "max": 35.80173380423436,
    "min_color": [
      254,
      231,
      220,
      255
    ],
    "max_color": [
      191,
      21,
      26,
      255
    ]
  },
  "9/275/180": {
    "min": 17.969301671755296,
    "max": 39.06433461060417,
    "min_color": [
      253,
      212,
      194,
      255
    ],
    "max_color": [
      144,
      10,
      18,
      255
    ]
  },
  "9/275/181": {
    "min": 24.009984198747908,
    "max": 36.11635384532456,
    "min_color": [
      252,
      146,
      114,
      255
    ],
    "max_color": [
      188,
      20,
      25,
      255
    ]
  },
  "9/276/176": {
    "min": 30.727955805395773,
    "max": 35.17032712469518,
    "min_color": [
      240,
      65,
      48,
      255
    ],
    "max_color": [
      199,
      23,
      28,
      255
    ]
  },
  "9/276/177": {
    "min": 31.247594560185178,
    "max": 36.85358908865314,
    "min_color": [
      238,
      59,
      44,
      255
    ],
    "max_color": [
      180,
      18,
      24,
      255
    ]
  },
  "9/276/178": {
    "min": 21.67434333550337,
    "max": 37.032252979797754,
    "min_color": [
      252,
      172,
      145,
      255
    ],
    "max_color": [
      178,
      18,
      23,
      255
    ]
  },
  "9/276/179": {
    "min": 20.104884559589667,
    "max": 35.071642952170485,
    "min_color": [
      252,
      190,
      165,
      255
    ],
    "max_color": [
      200,
      23,
      28,
      255
    ]
  },
  "9/276/180": {
    "min": 21.709674700478665,
    "max": 37.879684318270385,
    "min_color": [
      252,
      172,
      145,
      255
    ],
    "max_color": [
      168,
      15,
      21,
      255
    ]
  },
  "9/276/181": {
    "min": 22.97571393694401,
    "max": 37.77762466395836,
    "min_color": [
      252,
      158,
      127,
      255
    ],
    "max_color": [
      169,
      15,
      21,
      255
    ]
  },
  "9/277/175": {
    "min": 33.33330186776273,
    "max": 35.968526334904446,
    "min_color": [
      217,
      38,
      34,
      255
    ],
    "max_color": [
      189,
      21,
      26,
      255
    ]
  },
  "9/277/176": {
    "min": 31.27970281879717,
    "max": 35.86533644979144,
    "min_color": [
      237,
      58,
      44,
      255
    ],
    "max_color": [
      190,
      21,
      26,
      255
    ]
  },
  "9/277/177": {
    "min": 30.808286265140882,
    "max": 39.145330848593105,
    "min_color": [
      240,
      64,
      47,
      255
    ],
    "max_color": [
      142,
      9,
      18,
      255
    ]
  },
  "9/277/178": {
    "min": 22.451694325649715,
    "max": 37.12890149682317,
    "min_color": [
      252,
      164,
      134,
      255
    ],
    "max_color": [
      176,
      17,
      22,
      255
    ]
  },
  "9/277/179": {
    "min": 22.48052887204694,
    "max": 37.27789421651952,
    "min_color": [
      252,
      164,
      134,
      255
    ],