{
  "9/269/178": {
    "min": -16.644333178417483,
    "max": -12.86684657517418,
    "min_color": [
      192,
      217,
      236,
      255
    ],
    "max_color": [
      230,
      240,
      249,
      255
    ]
  },
  "9/269/179": {
    "min": -27.45889246148984,
    "max": -12.096371724463916,
    "min_color": [
      32,
      110,
      177,
      255
    ],
    "max_color": [
      237,
      245,
      252,
      255
    ]
  },
  "9/269/180": {
    "min": -26.56221517830155,
    "max": -22.35563857976582,
    "min_color": [
      41,
      121,
      185,
      255
    ],
    "max_color": [
      101,
      169,
      210,
      255
    ]
  },
  "9/270/178": {
    "min": -24.7203687468482,
    "max": -14.871106516863016,
    "min_color": [
      66,
      143,
      196,
      255
    ],
    "max_color": [
      212,
      228,
      243,
      255
    ]
  },
  "9/270/179": {
    "min": -28.231081279427187,
    "max": -14.58566387905925,
    "min_color": [
      24,
      100,
      170,
      255
    ],
    "max_color": [
      214,
      230,
      244,
      255
    ]
  },
  "9/270/180": {
    "min": -29.3009725095477,
    "max": -17.283749855333852,
    "min_color": [
      13,
      86,
      159,
      255
    ],
    "max_color": [
      183,
      213,
      233,
      255
    ]
  },
  "9/271/178": {
    "min": -23.639493709090775,
    "max": -18.521977850794592,
    "min_color": [
      81,
      156,
      203,
      255
    ],
    "max_color": [
      167,
      205,
      228,
      255
    ]
  },
  "9/271/179": {
    "min": -30.4803955241868,
    "max": -15.85734186863732,
    "min_color": [
      11,
      69,
      135,
      255
    ],
    "max_color": [
      202,
      222,
      240,
      255
    ]
  },
  "9/271/180": {
    "min": -31.869584992400544,
    "max": -18.114459664784903,
    "min_color": [
      8,
      48,
      107,
      255
    ],
    "max_color": [
      173,
      208,
      230,
      255
    ]
  },
  "9/272/178": {
    "min": -22.969537721291655,
    "max": -19.12481928803636,
    "min_color": [
      91,
      163,
      207,
      255
    ],
    "max_color": [
      156,
      200,
      225,
      255
    ]
  },
  "9/272/179": {
    "min": -28.70700432434982,
    "max": -13.177353054149327,
    "min_color": [
      18,
      94,
      166,
      255
    ],
    "max_color": [
      227,
      238,
      248,
      255
    ]
  },
  "9/272/180": {
    "min": -29.27119125383481,
    "max": -21.080033134422358,
    "min_color": [
      13,
      87,
      159,
      255
    ],
    "max_color": [
      122,
      182,
      216,
      255
    ]
  },
  "9/273/178": {
    "min": -24.503662075679152,
    "max": -17.64403178648308,
    "min_color": [
      69,
      146,
      198,
      255
    ],
    "max_color": [
      179,
      211,
      232,
      255
    ]
  },
  "9/273/179": {
    "min": -30.44894006250311,
    "max": -17.06208023221091,
    "min_color": [
      11,
      69,
      135,
      255
    ],
    "max_color": [
      186,
      215,
      234,
      255
    ]
  },
  "9/273/180": {
    "min": -29.293378494062374,
    "max": -15.526439139384946,
    "min_color": [
      13,
      87,
      159,
      255
    ],
    "max_color": [
      206,
      224,
      241,
      255
    ]
  },
  "9/274/177": {
    "min": -21.93304702173708,
    "max": -15.19491167844636,
    "min_color": [
      108,
      173,
      212,
      255
    ],
    "max_color": [
      209,
      226,
      242,
      255
    ]
  },
  "9/274/178": {
    "min": -24.666049012359306,
    "max": -15.130607206665017,
    "min_color": [
      66,
      144,
      197,
      255
    ],
    "max_color": [
      209,
      227,
      242,
      255
    ]
  },
  "9/274/179": {
    "min": -31.53851430753486,
    "max": -18.36645422148283,
    "min_color": [
      8,
      53,
      113,
      255
    ],
    "max_color": [
      169,
      206,
      228,
      255
    ]
  },
  "9/274/180": {
    "min": -30.959387312762356,
    "max": -14.6942231346572,
    "min_color": [
      10,
      61,
      125,
      255
    ],
    "max_color": [
      213,
      229,
      244,
      255
    ]
  },
  "9/274/181": {
    "min": -21.71891796838093,
    "max": -19.4722957620313,
    "min_color": [
      112,
      176,
      213,
      255
    ],
    "max_color": [
      150,
      197,
      224,
      255
    ]
  },
  "9/275/176": {
    "min": -19.912074435779363,
    "max": -16.79297281074926,
    "min_color": [
      143,
      193,
      222,
      255
    ],
    "max_color": [
      190,
      216,
      235,
      255
    ]
  },
  "9/275/177": {
    "min": -21.60524625929886,
    "max": -13.740183184452825,
    "min_color": [
      114,
      177,
      214,
      255
    ],
    "max_color": [
      222,
      235,
      247,
      255
    ]
  },
  "9/275/178": {
    "min": -25.775834543183635,
    "max": -14.656426629207813,
    "min_color": [
      52,
      131,
      190,
      255
    ],
    "max_color": [
      214,
      230,
      244,
      255
    ]
  },
  "9/275/179": {
    "min": -29.235631456890705,
    "max": -18.867475437249396,
    "min_color": [
      13,
      87,
      160,
      255
    ],
    "max_color": [
      161,
      202,
      226,
      255
    ]
  },
  "9/275/180": {
    "min": -27.033919344584522,
    "max": -14.073186984633866,
    "min_color": [
      36,
      115,
      180,
      255
    ],
    "max_color": [
      219,
      233,
      246,
      255
    ]
  },
  "9/275/181": {
    "min": -21.543297008340655,
    "max": -15.273005678358185,
    "min_color": [
      115,
      178,
      214,
      255
    ],
    "max_color": [
      208,
      226,
      242,
      255
    ]
  },
  "9/276/176": {
    "min": -24.21350710981094,
    "max": -17.20405698640798,
    "min_color": [
      73,
      149,
      200,
      255
    ],
    "max_color": [
      185,
      214,
      234,
      255
    ]
  },
  "9/276/177": {
    "min": -19.18254391775278,
    "max": -13.384260116877476,
    "min_color": [
      155,
      199,
      225,
      255
    ],
    "max_color": [
      226,
      237,
      248,
      255
    ]
  },
  "9/276/178": {
    "min": -25.570876230261934,
    "max": -13.897708898596967,
    "min_color": [
      54,
      133,
      191,
      255
    ],
    "max_color": [
      221,
      234,
      246,
      255
    ]
  },
  "9/276/179": {
    "min": -25.502100519839875,
    "max": -17.648872129860955,
    "min_color": [
      55,
      134,
      192,
      255
    ],
    "max_color": [
      179,
      211,
      232,
      255
    ]
  },
  "9/276/180": {
    "min": -24.393230037315345,
    "max": -16.085400556083062,
    "min_color": [
      70,
      147,
      199,
      255
    ],
    "max_color": [
      199,
      221,
      239,
      255
    ]
  },
  "9/276/181": {
    "min": -22.764480730996276,
    "max": -16.467629603624058,
    "min_color": [
      95,
      165,
      208,
      255
    ],
    "max_color": [
      194,
      218,
      237,
      255
    ]
  },
  "9/277/175": {
    "min": -23.59340057982497,
    "max": -19.17473606871668,
    "min_color": [
      81,
      156,
      203,
      255
    ],
    "max_color": [
      155,
      199,
      225,
      255
    ]
  },
  "9/277/176": {
    "min": -22.661610590218324,
    "max": -16.27712448053208,
    "min_color": [
      96,
      166,
      208,
      255
    ],
    "max_color": [
      197,
      220,
      238,
      255
    ]
  },
  "9/277/177": {
    "min": -21.098283112795773,
    "max": -14.343703587324503,
    "min_color": [
      122,
      182,
      216,
      255
    ],
    "max_color": [
      217,
      231,
      245,
      255
    ]
  },
  "9/277/178": {
    "min": -25.024293039948173,
    "max": -15.794420955103785,
    "min_color": [
      62,
      140,
      195,
      255
    ],
    "max_color": [
      203,
      223,
      240,
      255
    ]
  },