{
  "8/134/89": {
    "min": -27.45889246148984,
    "max": -12.096371724463916,
    "min_color": [
      32,
      110,
      177,
      255
    ],
    "max_color": [
      237,
      245,
      252,
      255
    ]
  },
  "8/134/90": {
    "min": -26.56221517830155,
    "max": -22.35563857976582,
    "min_color": [
      41,
      121,
      185,
      255
    ],
    "max_color": [
      101,
      169,
      210,
      255
    ]
  },
  "8/135/89": {
    "min": -30.4803955241868,
    "max": -14.58566387905925,
    "min_color": [
      11,
      69,
      135,
      255
    ],
    "max_color": [
      214,
      230,
      244,
      255
    ]
  },
  "8/135/90": {
    "min": -31.869584992400544,
    "max": -17.283749855333852,
    "min_color": [
      8,
      48,
      107,
      255
    ],
    "max_color": [
      183,
      213,
      233,
      255
    ]
  },
  "8/136/89": {
    "min": -30.44894006250311,
    "max": -13.177353054149327,
    "min_color": [
      11,
      69,
      135,
      255
    ],
    "max_color": [
      227,
      238,
      248,
      255
    ]
  },
  "8/136/90": {
    "min": -29.293378494062374,
    "max": -15.526439139384946,
    "min_color": [
      13,
      87,
      159,
      255
    ],
    "max_color": [
      206,
      224,
      241,
      255
    ]
  },
  "8/137/88": {
    "min": -21.93304702173708,
    "max": -13.740183184452825,
    "min_color": [
      108,
      173,
      212,
      255
    ],
    "max_color": [
      222,
      235,
      247,
      255
    ]
  },
  "8/137/89": {
    "min": -31.53851430753486,
    "max": -14.656426629207813,
    "min_color": [
      8,
      53,
      113,
      255
    ],
    "max_color": [
      214,
      230,
      244,
      255
    ]
  },
  "8/137/90": {
    "min": -30.959387312762356,
    "max": -14.073186984633866,
    "min_color": [
      10,
      61,
      125,
      255
    ],
    "max_color": [
      219,
      233,
      246,
      255
    ]
  },
  "8/138/87": {
    "min": -23.59340057982497,
    "max": -19.17473606871668,
    "min_color": [
      81,
      156,
      203,
      255
    ],
    "max_color": [
      155,
      199,
      225,
      255
    ]
  },
  "8/138/88": {
    "min": -24.21350710981094,
    "max": -13.384260116877476,
    "min_color": [
      73,
      149,
      200,
      255
    ],
    "max_color": [
      226,
      237,
      248,
      255
    ]
  },
  "8/138/89": {
    "min": -25.570876230261934,
    "max": -13.897708898596967,
    "min_color": [
      54,
      133,
      191,
      255
    ],
    "max_color": [
      221,
      234,
      246,
      255
    ]
  },
  "8/138/90": {
    "min": -24.393230037315345,
    "max": -15.00960374497057,
    "min_color": [
      70,
      147,
      199,
      255
    ],
    "max_color": [
      211,
      227,
      243,
      255
    ]
  },
  "8/139/87": {
    "min": -21.901508702413317,
    "max": -20.47728048162056,
    "min_color": [
      109,
      174,
      212,
      255
    ],
    "max_color": [
      133,
      188,
      219,
      255
    ]
  },
  "8/139/88": {
    "min": -23.192585703552965,
    "max": -11.090119559868247,
    "min_color": [
      88,
      160,
      205,
      255
    ],
    "max_color": [
      246,
      250,
      254,
      255
    ]
  },
  "8/139/89": {
    "min": -23.1455417238548,
    "max": -13.196916076060939,
    "min_color": [
      89,
      161,
      206,
      255
    ],
    "max_color": [
      227,
      238,
      248,
      255
    ]
  },
  "8/139/90": {
    "min": -20.193897175617483,
    "max": -15.01264075115529,
    "min_color": [
      138,
      190,
      220,
      255
    ],
    "max_color": [
      210,
      227,
      243,
      255
    ]
  },
  "8/140/88": {
    "min": -17.379488420551937,
    "max": -13.414703912764049,
    "min_color": [
      182,
      213,
      233,
      255
    ],
    "max_color": [
      225,
      237,
      248,
      255
    ]
  },
  "8/140/89": {
    "min": -15.886438948399482,
    "max": -13.936081855177722,
    "min_color": [
      202,
      222,
      240,
      255
    ],
    "max_color": [
      220,
      234,
      246,
      255
    ]
  }
}