{
  "7/67/44": {
    "min": 15.853216581505968,
    "max": 38.716205480715196,
    "min_color": [
      254,
      229,
      218,
      255
    ],
    "max_color": [
      152,
      12,
      19,
      255
    ]
  },
  "7/67/45": {
    "min": 14.021954522497124,
    "max": 34.84073250761391,
    "min_color": [
      255,
      240,
      233,
      255
    ],
    "max_color": [
      203,
      24,
      29,
      255
    ]
  },
  "7/68/44": {
    "min": 13.267812125537162,
    "max": 40.92459756737955,
    "min_color": [
      255,
      244,
      239,
      255
    ],
    "max_color": [
      103,
      0,
      13,
      255
    ]
  },
  "7/68/45": {
    "min": 13.630785698079139,
    "max": 40.221176413025944,
    "min_color": [
      255,
      242,
      236,
      255
    ],
    "max_color": [
      118,
      3,
      15,
      255
    ]
  },
  "7/69/43": {
    "min": 33.33330186776273,
    "max": 35.968526334904446,
    "min_color": [
      217,
      38,
      34,
      255
    ],
    "max_color": [
      189,
      21,
      26,
      255
    ]
  },
  "7/69/44": {
    "min": 20.104884559589667,
    "max": 39.390286434520135,
    "min_color": [
      252,
      190,
      165,
      255
    ],
    "max_color": [
      136,
      8,
      17,
      255
    ]
  },
  "7/69/45": {
    "min": 21.709674700478665,
    "max": 37.879684318270385,
    "min_color": [
      252,
      172,
      145,
      255
    ],
    "max_color": [
      168,
      15,
      21,
      255
    ]
  },
  "7/70/44": {
    "min": 35.63373190782552,
    "max": 38.58800825175501,
    "min_color": [
      193,
      21,
      26,
      255
    ],
    "max_color": [
      155,
      12,
      19,
      255
    ]
  }
}